;Cross-Validation Score (Mean);Acurácia;f1 score;precision score;recall score
Random Forest;0.9868349128071061;97.36;0.9838056680161943;0.9898167006109979;0.9778672032193159
Support Vector Machine;0.9863471079290573;98.51;0.9908629441624366;1.0;0.9818913480885312
Logistic Regression;0.9880535337631086;99.17;0.9949443882709808;1.0;0.9899396378269618
Decision Tree;0.9714794569382967;94.55;0.9667673716012085;0.967741935483871;0.96579476861167
K-Nearest Neighbors;0.9822019547844688;96.53;0.9786802030456853;0.9877049180327869;0.9698189134808853
Gradient Boosting;0.0;88.78;0.9279661016949152;0.9877049180327869;0.9698189134808853
